"id","title","publish_date","source_url","created_at"
"004f445c-fc11-176f-a386-f498c6060d2d","【政府采购】关于简化政府采购供应商资格审查有关事项的通知","2024-12-11","https://www.shggzy.com/shzchb/8116598","16/11/2025 12:34:07"
"00973dd5-44e2-4508-7359-730b32e022a7","国务院办公厅关于引导农村产权流转交易市场健康发展的意见","2024-10-23","https://www.shggzy.com/gjzcfg/8063187","16/11/2025 12:34:07"
"00f01354-5a59-1767-1f23-5a7017e87076","最高人民法院关于审理涉及农村集体土地行政案件若干问题的规定","2024-10-23","https://www.shggzy.com/gjzcfg/8063189","16/11/2025 12:34:07"
"00fd2021-d593-fcec-ab16-276c0d2644c9","【技术交易】上海技术交易所风险控制暂行规定","2024-12-31","https://www.shggzy.com/shzchb/8070488","16/11/2025 12:34:07"
"01996974-6092-9bff-0013-76debd6809bf","上海市公共资源交易中心隔夜评标操作指引 （试行）","2024-10-28","https://www.shggzy.com/zxzdgz/8068757","16/11/2025 12:34:07"
"02ab688d-385d-1526-2ad0-b6403d02b633","中共中央办公厅、国务院办公厅印发《关于引导农村土地经营权有序流转发展农业适度规模经营的意见》","2024-10-24","https://www.shggzy.com/gjzcfg/8064411","16/11/2025 12:34:06"
"04939387-93c6-adce-b13e-ca28138d527b","必须招标的工程项目规定","2018-06-01","https://www.shggzy.com/zhfggz/231508","16/11/2025 12:34:07"
"05782903-c235-6e30-d9cb-b419805019a9","中华人民共和国招标投标法实施条例","2022-12-10","https://www.shggzy.com/zhfgfg/496926","16/11/2025 12:34:06"
"0837e034-0481-2cf6-7763-2cf05920f86d","政府采购信息发布管理办法","2024-10-23","https://www.shggzy.com/gjzcfg/8063452","16/11/2025 12:34:07"
"08f3fb6d-77c0-f39d-7726-ac2827e7fe81","国务院关于建立完善守信联合激励和失信联合惩戒制度加快推进社会诚信建设的指导意见","2024-10-23","https://www.shggzy.com/gjzcfg/8063420","16/11/2025 12:34:07"
"094a044d-f900-4d3e-fdbe-5b54f6ce3181","【国有产权】关于印发《上海市产权交易场所管理实施办法（暂行）》的通知","2024-12-11","https://www.shggzy.com/shzchb/8116567","16/11/2025 12:34:07"
"0970006b-3eff-5a40-386e-99a63d670254","事业单位国有资产管理暂行办法","2020-12-10","https://www.shggzy.com/zhfggz/231515","16/11/2025 12:34:06"
"09ec4dae-796f-479e-7998-cec39fee421a","中华人民共和国文物保护法","2020-12-10","https://www.shggzy.com/zhfgfl/231488","16/11/2025 12:34:07"
"0bf95c6e-7cbb-f3bb-7924-9b2c948d1cd6","危险性较大的分部分项工程安全管理规定","2024-10-23","https://www.shggzy.com/gjzcfg/8063287","16/11/2025 12:34:07"
"0c27a348-45d2-5dd8-9ba3-f340d19f6178","农业部关于印发《农村土地经营权流转交易市场运行规范(试行)》的通知","2024-10-23","https://www.shggzy.com/gjzcfg/8063216","16/11/2025 12:34:07"
"0eb124ac-80db-996c-4419-128f6aadeb78","招标拍卖挂牌出让国有建设用地使用权规定","2024-10-23","https://www.shggzy.com/gjzcfg/8063461","16/11/2025 12:34:07"
"0f494c96-e758-2a8b-4678-543c472de8fe","国家发展和改革委员会、工业和信息化部、住房和城乡建设部等关于进一步规范电子招标投标系统建设运营的通知","2014-08-25","https://www.shggzy.com/zhfgwj/231521","16/11/2025 12:34:07"
"0f532993-d395-81ae-be47-592ae59c51bd","司法部关于印发《招标投标公证程序细则》的通知","2020-12-10","https://www.shggzy.com/zhfgwj/231533","16/11/2025 12:34:06"
"108cbd46-78ee-b89c-3ea1-2c393d110697","最高人民法院关于国有土地开荒后用于农耕的土地使用权转让合同纠纷案件如何适用法律问题的批复","2020-12-10","https://www.shggzy.com/zhfgfl/231492","16/11/2025 12:34:07"
"112aae30-d5c1-74dd-8d08-ff4fe890ca53","【建设工程】关于本市房屋建筑和市政工程施工项目推行电子招标投标的通知","2024-11-07","https://www.shggzy.com/shzchb/8082132","16/11/2025 12:34:07"
"122e66d8-91c4-8dab-55d7-32d0bc71872c","【政府采购】关于转发财政部《关于进一步加大政府采购支持中小企业力度的通知》的通知","2024-12-11","https://www.shggzy.com/shzchb/8116597","16/11/2025 12:34:07"
"12a58cf5-c74e-5957-060a-7d55e735e1cc","国务院关于印发《深入实施以人为本的  新型城镇化战略五年行动计划》的通知","2024-10-29","https://www.shggzy.com/gjzcfg/8070660","16/11/2025 12:34:07"
"12ea4ac9-949d-0603-c8ac-28e955d9b59d","事业单位国有资产管理暂行办法","2024-10-23","https://www.shggzy.com/gjzcfg/8063284","16/11/2025 12:34:07"
"1394536a-aa46-bd3a-56e3-2a950ef55912","【国有产权】市国资委关于延长上海市产权交易场所管理实施办法(暂行)有效期的通知","2025-02-11","https://www.shggzy.com/shzchb/8159692","16/11/2025 12:34:07"
"14d862bc-c1f3-4f34-1d13-470aa4f069df","上海市公共资源场内交易信用记分管理办法（试行）","2024-05-11","https://www.shggzy.com/zhfgwj/7883835","16/11/2025 12:34:06"
"15378b78-d07b-ffa6-fcac-8d3750190ed3","【建设工程】关于加强本市公路养护工程管理 进一步推动优化营商环境政策落实的通知","2024-11-07","https://www.shggzy.com/shzchb/8082131","16/11/2025 12:34:07"
"15f905a7-bf77-704e-b3eb-84135d7da510","评标专家和评标专家库管理暂行办法","2024-10-23","https://www.shggzy.com/gjzcfg/8063278","16/11/2025 12:34:07"
"179f8dce-7f04-80a9-51b8-2358382c0cc8","中华人民共和国政府采购法实施条例","2015-01-30","https://www.shggzy.com/zhfgfg/231502","16/11/2025 12:34:07"
"18fb3568-f22a-7244-d4d6-e465f3c21a8f","招标公告和公示信息发布管理办法","2017-11-23","https://www.shggzy.com/zhfggz/231504","16/11/2025 12:34:07"
"1923bff4-05b2-4a7d-a3f5-b3566e0fa0fd","工业和信息化部、国家统计局、国家发展和改革委员会、财政部关于印发中小企业划型标准规定的通知","2024-10-23","https://www.shggzy.com/gjzcfg/8063458","16/11/2025 12:34:07"
"1bb00ebe-ced8-4591-605c-296e6f10d909","【综合管理】上海市人民政府关于同意上海市公共资源交易平台升级改造工作方案的批复","2025-02-10","https://www.shggzy.com/shzchb/8159005","16/11/2025 12:34:07"
"1ca62667-7226-be5e-fb6c-75df5b0f0760","【建设工程】工程总承包电子招标投标应用指南","2024-12-31","https://www.shggzy.com/shzchb/8070457","16/11/2025 12:34:07"
"1fc3c08b-50ae-8029-4f3d-d0a93079e36b","农业部、中央农村工作领导小组办公室、财政部等关于认真做好农村土地承包经营权确权登记颁证工作的意见","2024-10-23","https://www.shggzy.com/gjzcfg/8063217","16/11/2025 12:34:07"
"1fd9308a-e574-041f-9c93-8256876440d3","国有资产评估管理若干问题的规定","2024-10-23","https://www.shggzy.com/gjzcfg/8063490","16/11/2025 12:34:07"
"213f62b4-63d9-26a9-73a8-4788ac3fcbc2","【建设工程】设计电子招标投标应用指南","2024-12-31","https://www.shggzy.com/shzchb/8070460","16/11/2025 12:34:07"
"21682f5b-a361-fb10-5b74-b8e23f682583","财政部、建设部关于印发《建设工程价款结算暂行办法》的通知","2024-10-23","https://www.shggzy.com/gjzcfg/8063479","16/11/2025 12:34:07"
"23bbd2e0-8eb5-14dc-6406-b8e2b39aaaa8","【建设工程】上海市住房和城乡建设管理委员会 关于印发《上海市建设项目工程总承包 管理办法》的通知","2024-11-07","https://www.shggzy.com/shzchb/8082155","16/11/2025 12:34:07"
"250760db-2844-5a90-7143-f22beed40030","中国银保监会办公厅关于做好2020年银行业保险业服务“三农”领域重点工作的通知","2024-10-23","https://www.shggzy.com/gjzcfg/8063211","16/11/2025 12:34:07"
"25bb209e-5d0d-76f0-0690-558a5660f8f2","关于印发《上海市公共资源交易中心公共服务清单 （2024年版）》的通知","2024-10-31","https://www.shggzy.com/zhfgwj/8074045","16/11/2025 12:34:06"
"25d7d9a5-229b-0434-a6bb-d22da468359e","国务院关于促进市场公平竞争维护市场正常秩序的若干意见","2024-10-23","https://www.shggzy.com/gjzcfg/8063422","16/11/2025 12:34:07"
"270568f6-b7f9-437c-ea69-9021954a7746","【政府采购】上海市政府采购实施办法","2024-12-11","https://www.shggzy.com/shzchb/8116578","16/11/2025 12:34:07"
"280bfd2b-20b3-5191-f18d-b50b6bfd5ebb","【综合管理】上海市公共资源交易中心隔夜评标操作指引（试行）","2024-12-31","https://www.shggzy.com/shzchb/8071055","16/11/2025 12:34:07"
"283ec9b5-d8c2-0437-f5a1-150a82be9e9d","公共资源交易平台管理暂行办法","2016-06-24","https://www.shggzy.com/zhfggz/231503","16/11/2025 12:34:07"
"285592c7-1033-5824-43c6-ad43288930f1","【技术交易】上海技术交易所交易暂行规则操作细则","2024-12-31","https://www.shggzy.com/shzchb/8070469","16/11/2025 12:34:07"
"289a22ad-89ad-7e7e-ec84-ead28bde2775","上海市公共资源交易中心交易活动实施办法（试行）","2024-12-31","https://www.shggzy.com/shzchb/8071056","16/11/2025 12:34:07"
"292fdfbf-c18d-92ab-492b-e9338b01f3b6","中华人民共和国电子签名法","2020-12-10","https://www.shggzy.com/zhfgfl/231477","16/11/2025 12:34:07"
"294c205d-c19b-7733-5265-4bb9bda7a923","国土资源部关于加强房地产用地供应和监管有关问题的通知","2024-10-23","https://www.shggzy.com/gjzcfg/8063401","16/11/2025 12:34:07"
"2a0cf64c-a412-36b7-f39b-9541f56fae3a","国务院国有资产监督管理委员会关于印发《企业国有产权交易操作规则》的通知","2024-10-23","https://www.shggzy.com/gjzcfg/8063311","16/11/2025 12:34:07"
"2a1b2d3b-98da-ad8f-6482-303985204861","【建设工程】上海市建设工程招标投标管理办法","2024-11-05","https://www.shggzy.com/shzchb/8078566","16/11/2025 12:34:07"
"2b55e0e1-4bdb-56d1-3add-635ddad67715","交易目录","2024-12-31","https://www.shggzy.com/shzchb/8137165","16/11/2025 12:34:07"
"2b737998-84ab-7785-1f9e-24bf01f1b610","【建设工程】上海市在沪建筑业企业信用评价管理办法","2024-11-18","https://www.shggzy.com/shzchb/8092731","16/11/2025 12:34:07"
"2c2a4808-a62a-3a4b-ea13-ec77ca06d335","财政部、发展改革委关于印发节能产品政府采购品目清单的通知","2024-10-23","https://www.shggzy.com/gjzcfg/8063431","16/11/2025 12:34:07"
"2d7a739b-ef37-12f5-7d90-54d64a9dfabb","《评标专家和评标专家库管理办法》 2024年第26号令","2024-10-20","https://www.shggzy.com/zhfgwj/8058135","16/11/2025 12:34:06"
"2f6f13fb-cc72-78c3-38e1-80fb8469c9ef","【建设工程】上海市水利工程施工招标评标办法","2024-11-18","https://www.shggzy.com/shzchb/8092706","16/11/2025 12:34:07"
"2fc948f4-8b50-adec-18d7-0e67ea4258c2","【建设工程】上海市住房和城乡建设管理委员会关于进一步加强本市建设工程招标投标监管治理打击违法行为的","2024-11-05","https://www.shggzy.com/shzchb/8078573","16/11/2025 12:34:07"
"300eb362-a54a-d72d-c12c-6c2c9287398b","关于印发《上海市公共资源交易规则目录（2023年版）》的通知","2024-10-23","https://www.shggzy.com/shzchb/8063782","16/11/2025 12:34:07"
"30aab9f2-ab14-8753-571e-f93b55867e06","拍卖管理办法","2024-10-23","https://www.shggzy.com/gjzcfg/8063281","16/11/2025 12:34:07"
"31ead857-b88d-00ba-26ab-3f34783cce93","中华人民共和国土地管理法实施条例","2011-01-08","https://www.shggzy.com/zhfgfg/231501","16/11/2025 12:34:07"
"32f9b693-3f20-04db-a425-30222fcae678","国家发展和改革委员会、工业和信息化部、住房和城乡建设部等关于进一步规范电子招标投标系统建设运营的通知","2024-10-23","https://www.shggzy.com/gjzcfg/8063501","16/11/2025 12:34:07"
"334f9f47-1194-e6ac-d61b-7780a790cbb9","【综合管理】关于印发《市公共资源交易平台与财政国库集中支付平台对接方案》的通知","2025-02-10","https://www.shggzy.com/shzchb/8159015","16/11/2025 12:34:07"
"33a2d795-e407-3f39-5efe-c15d2b818a52","【技术交易】上技所企业技术采购细则","2024-12-31","https://www.shggzy.com/shzchb/8070487","16/11/2025 12:34:07"
"33ecc5e5-a8a7-0082-c4e2-45f8ba87aa56","招标公告和公示信息发布管理办法","2024-10-23","https://www.shggzy.com/gjzcfg/8063275","16/11/2025 12:34:07"
"347483bc-4c69-664e-f531-d126a01b3745","国务院办公厅关于加强和改进企业国有资产监督防止国有资产流失的意见","2024-10-23","https://www.shggzy.com/gjzcfg/8063372","16/11/2025 12:34:06"
"353c2e5d-68bf-e79a-982a-84a3c575444d","国务院办公厅关于加快转变农业发展方式的意见","2024-10-23","https://www.shggzy.com/gjzcfg/8063191","16/11/2025 12:34:07"
"35d91283-95b4-ae34-f4be-f54900be3710","【建设工程】上海市住房和城乡建设管理委员会 关于加强招标人主体责任 健全和完善工程 建设项目招标投标","2024-11-07","https://www.shggzy.com/shzchb/8082143","16/11/2025 12:34:07"
"3623f8e1-ef64-41a0-e912-6b879b95c0f2","财政部关于进一步加强政府采购需求和履约验收管理的指导意见","2024-10-23","https://www.shggzy.com/gjzcfg/8063446","16/11/2025 12:34:07"
"364fc544-482a-b2cb-20fd-164c5bebfc37","【建设工程】监理电子招标投标应用指南","2024-12-31","https://www.shggzy.com/shzchb/8070458","16/11/2025 12:34:07"
"36ecc9ac-507a-4ee5-19bc-65f12eefc49b","【机电设备】关于有序推进本市机电设备国内招标交易电子化有关事项的通知","2024-12-11","https://www.shggzy.com/shzchb/8116654","16/11/2025 12:34:07"
"3700fd8b-59e3-093c-082e-cddeed966dc7","优化营商环境条例","2024-10-23","https://www.shggzy.com/gjzcfg/8063254","16/11/2025 12:34:07"
"378c307f-d9bb-197e-127d-e0ed42c1636f","【综合采购】上海市公共资源交易中心评标（评审）专家信用记分评估标准（试行）","2024-10-28","https://www.shggzy.com/zxzdgz/8068689","16/11/2025 12:34:07"
"37afe044-6b6b-47b3-c53c-942885c3fc31","【综合管理】上海市深化公共资源“一网交易”改革 三年行动方案（2024-2026年）","2025-02-10","https://www.shggzy.com/shzchb/8159022","16/11/2025 12:34:07"
"37d78c1e-2f94-c419-a40b-228538b09c8a","国务院办公厅关于推进公共资源配置领域政府信息公开的意见","2024-10-23","https://www.shggzy.com/gjzcfg/8063504","16/11/2025 12:34:07"
"37fabe51-8194-100d-184a-ba546f256745","财政部关于政府采购竞争性磋商采购方式管理暂行办法有关问题的补充通知","2024-10-23","https://www.shggzy.com/gjzcfg/8063424","16/11/2025 12:34:07"
"38885e70-8ee6-85c0-95dc-e1d8f69c170b","【建设工程】上海市住房和城乡建设管理委员会关于在建设工程招标投标中使用在沪建筑业企业信用评价结果","2024-11-07","https://www.shggzy.com/shzchb/8082137","16/11/2025 12:34:07"
"393e2a77-52bb-2e0a-f634-d365d46e64bf","拍卖监督管理办法","2020-12-10","https://www.shggzy.com/zhfggz/231512","16/11/2025 12:34:06"
"3b4371ba-a259-1f51-c172-15d4386da001","财政部办公厅关于印发《政府采购公告和公示信息格式规范(2020年版)》的通知","2024-10-23","https://www.shggzy.com/gjzcfg/8063423","16/11/2025 12:34:07"
"3b66a6d8-305c-9e47-74ef-41279b6ed121","国务院国有资产监督管理委员会关于印发《国家出资企业产权登记管理工作指引》的通知","2024-10-23","https://www.shggzy.com/gjzcfg/8063308","16/11/2025 12:34:07"
"3be282a8-de9b-4001-68d5-80c93c611a09","【土地交易】关于印发《上海市国有建设用地使用权招标拍卖挂牌出让业务流程及操作规范》的通知","2024-12-31","https://www.shggzy.com/shzchb/8070696","16/11/2025 12:34:07"
"3bfec9f2-6a8b-3779-ac36-1396aa4159eb","中华人民共和国公司法","2020-12-10","https://www.shggzy.com/zhfgfl/231478","16/11/2025 12:34:07"
"3c04254b-e504-e599-d359-0ee3860579ae","【综合管理】关于印发《上海市公共资源场内交易信用记分管理办法（试行）》的通知","2025-02-10","https://www.shggzy.com/shzchb/8159023","16/11/2025 12:34:07"
"3c8e4ecf-0bc2-2d00-484d-95a72c30227e","中华人民共和国政府采购法实施条例","2024-10-23","https://www.shggzy.com/gjzcfg/8063251","16/11/2025 12:34:07"
"3ca1ba13-8d68-61d5-947c-f342fc2c9eeb","国土资源部关于严格落实房地产用地调控政策促进土地市场健康发展有关问题的通知","2024-10-23","https://www.shggzy.com/gjzcfg/8063393","16/11/2025 12:34:07"
"3cc538e9-38fe-3d02-2141-d73a8f47c250","行政单位国有资产管理暂行办法","2024-10-23","https://www.shggzy.com/gjzcfg/8063482","16/11/2025 12:34:07"
"3d8f7523-4146-a6bf-21e7-8e6d189a041a","最高人民法院关于审理与企业改制相关的民事纠纷案件若干问题的规定","2024-10-23","https://www.shggzy.com/gjzcfg/8063220","16/11/2025 12:34:07"
"3e499916-c1dd-17f3-5e69-07d9ced9032b","【拍卖服务】上海市人民政府关于延长《上海市交易场所管理暂行办法》有效期的通知","2025-02-10","https://www.shggzy.com/shzchb/8158998","16/11/2025 12:34:07"
"3e70a55c-4c88-33e6-d2a6-ad90947d1c00","企业国有资产监督管理暂行条例","2024-10-23","https://www.shggzy.com/gjzcfg/8063262","16/11/2025 12:34:07"
"4026a09d-6405-a32e-e976-1f42972484d5","关于印发《市公共资源交易平台与财政国库集中支付平台对接方案》的通知","2021-03-19","https://www.shggzy.com/zhfgwj/7788202","16/11/2025 12:34:06"
"4177cea9-68cd-5f60-e8ff-bd9242bf89f7","【综合采购】上海市公共资源交易中心中介机构和中介机构从业人员信用记分评估标准（试行）","2024-10-28","https://www.shggzy.com/zxzdgz/8068688","16/11/2025 12:34:07"
"4223156a-99ae-9d9a-1bbb-19dae2979a96","【建设工程】上海市人民政府办公厅关于印发《上海市应急抢险救灾工程建设管理办法》的通知","2024-11-05","https://www.shggzy.com/shzchb/8078567","16/11/2025 12:34:07"
"435e7430-3e03-545f-ab40-df9a4ccce867","【拍卖服务】上海市公共资源拍卖中心运行管理制度","2024-12-11","https://www.shggzy.com/shzchb/8116607","16/11/2025 12:34:07"
"44e94bc9-a2c3-8430-2cc8-dc41dd88c2b6","【综合管理】上海市公共资源交易整合共享工作协调机制关于同意在上海联合产权交易所加挂上海市公共资源","2025-02-10","https://www.shggzy.com/shzchb/8159014","16/11/2025 12:34:07"
"455b3b20-d654-fa1a-c61b-d2c3d9245741","【国有产权】关于本市企业国有产权置换有关事项的通知","2024-12-11","https://www.shggzy.com/shzchb/8116568","16/11/2025 12:34:07"
"4590a69e-0ddc-fabc-3056-da7c865db82d","最高人民法院关于审理涉及农村土地承包经营纠纷调解仲裁案件适用法律若干问题的解释","2020-12-10","https://www.shggzy.com/zhfgfl/231495","16/11/2025 12:34:07"
"45ad7bf9-2984-8de0-4869-ef034b57154f","【建设工程】关于调整本市建设工程规费项目设置等相关事项的通知","2024-11-18","https://www.shggzy.com/shzchb/8092718","16/11/2025 12:34:07"
"46768969-4788-32da-f8c0-6806dbd8046a","上海市公共资源交易中心进场交易服务费收费标准","2025-02-11","https://www.shggzy.com/zxzdgz/8159699","16/11/2025 12:34:07"
"46df4d2e-20a4-2185-441f-fe790c3da16c","国务院办公厅转发国务院国有资产监督管理委员会关于规范国有企业改制工作意见的通知","2024-10-23","https://www.shggzy.com/gjzcfg/8063312","16/11/2025 12:34:07"
"47db1d15-c660-4e88-e11f-ad534f8c924b","【技术交易】上海技术交易所技术许可细则","2024-12-31","https://www.shggzy.com/shzchb/8070486","16/11/2025 12:34:07"
"48105815-fe35-ee04-f85c-3be434294a38","工程建设项目货物招标投标办法","2020-11-12","https://www.shggzy.com/zhfggz/231507","16/11/2025 12:34:07"
"4a089767-f81f-57e9-2d68-6feff640edf4","【土地交易】上海市土地使用权出让办法","2024-12-11","https://www.shggzy.com/shzchb/8116479","16/11/2025 12:34:07"
"4a7008a0-5cf4-2e83-9f39-41bb3746d827","中华人民共和国招标投标法","2024-10-23","https://www.shggzy.com/gjzcfg/8063183","16/11/2025 12:34:07"
"4b16ea7d-5f78-9d58-af31-a8d7d0bea8d9","最高人民法院关于审理涉及农村土地承包纠纷案件适用法律问题的解释","2020-12-10","https://www.shggzy.com/zhfgfl/231496","16/11/2025 12:34:06"
"4b73eda3-ec0e-e96d-894f-5a0125048f5c","上海市公共资源交易整合共享工作协调机制关于同意在上海联合产权交易所加挂上海市公共资源交易中心牌子的批复","2020-12-09","https://www.shggzy.com/zhfgwj/7788209","16/11/2025 12:34:07"
"4c9b5733-b215-cccc-ffba-83b1e9f603e5","交通运输行政执法程序规定","2024-10-23","https://www.shggzy.com/gjzcfg/8063329","16/11/2025 12:34:07"
"4ccef8e8-931c-bf94-6348-627ba48a1666","【拍卖服务】上海市商务委等七部门关于印发 《上海市公共资源拍卖管理办法》的通知","2024-12-11","https://www.shggzy.com/shzchb/8116606","16/11/2025 12:34:07"
"4cfe51b8-2bb0-67ca-7368-b0279955e7fa","电子招标投标办法","2024-10-23","https://www.shggzy.com/gjzcfg/8063279","16/11/2025 12:34:07"
"4da4307e-aacd-fa12-9d2d-488eda313792","国务院关于开展农村承包土地的经营权和农民住房财产权抵押贷款试点的指导意见","2024-10-23","https://www.shggzy.com/gjzcfg/8063252","16/11/2025 12:34:07"
"4da9982e-f155-278f-c2f8-9ee77033c35a","财政部关于进一步规范政府采购评审工作有关问题的通知","2024-10-23","https://www.shggzy.com/gjzcfg/8063477","16/11/2025 12:34:07"
"4f62d25a-1dde-d9e9-1671-f9c820641c36","中华人民共和国拍卖法","2020-12-10","https://www.shggzy.com/zhfgfl/231485","16/11/2025 12:34:07"
"500c243d-c73a-f336-47ba-b0779e7c0757","财政部关于印发《政府采购进口产品管理办法》的通知","2024-10-23","https://www.shggzy.com/gjzcfg/8063453","16/11/2025 12:34:07"
"501f192f-d064-853c-e0ab-05f7f79e14ac","住房和城乡建设部等部门关于加快推进房屋建筑和市政基础设施工程实行工程担保制度的指导意见","2024-10-23","https://www.shggzy.com/gjzcfg/8063491","16/11/2025 12:34:07"
"50e10f9a-98b7-cf19-a1a6-9db792381ff8","【土地交易】上海市土地交易市场管理办法","2024-12-11","https://www.shggzy.com/shzchb/8116483","16/11/2025 12:34:07"
"5110fb6a-1756-6e2b-20ea-593c1f1b0ff1","中华人民共和国土地管理法实施条例","2024-10-23","https://www.shggzy.com/gjzcfg/8063249","16/11/2025 12:34:07"
"512fee49-fb79-d1cd-3eb8-1f4c8c4c0684","上海市公共资源交易中心交易见证服务细则（试行）","2024-12-31","https://www.shggzy.com/shzchb/8071057","16/11/2025 12:34:07"
"5188606f-68cf-f77f-a8fb-0355556a9495","中华人民共和国企业国有资产法","2024-10-23","https://www.shggzy.com/gjzcfg/8063177","16/11/2025 12:34:07"
"52743e23-6101-64fd-f5b4-91880b299c89","【综合管理】关于印发《上海市公共资源交易平台服务标准（试行）》的通知","2025-02-10","https://www.shggzy.com/shzchb/8159010","16/11/2025 12:34:07"
"53e91d1f-152a-f73e-9c8f-0e67b5e72e25","国务院关于印发社会信用体系建设规划纲要（2014-2020年）的通知","2024-10-23","https://www.shggzy.com/gjzcfg/8063419","16/11/2025 12:34:07"
"548c91e5-4519-59b3-86d3-911ec50b326d","平台目录","2024-12-31","https://www.shggzy.com/shzchb/8063781","16/11/2025 12:34:07"
"54a99a03-c154-9d90-2ddb-7e5e7cf94dc4","上海市公共资源交易平台总分平台赋能清单","2025-02-11","https://www.shggzy.com/zxzdgz/8159720","16/11/2025 12:34:07"
"55edc17a-33c8-ec14-4606-8dabc36c115e","中华人民共和国拍卖法","2024-10-23","https://www.shggzy.com/gjzcfg/8063180","16/11/2025 12:34:07"
"562e36fc-9e93-fb4a-8840-7af41c286057","公路工程建设项目招标投标管理办法","2024-10-23","https://www.shggzy.com/gjzcfg/8063289","16/11/2025 12:34:07"
"57134dcb-5617-3bed-3ba1-99553beef070","农村土地经营权流转管理办法","2024-10-28","https://www.shggzy.com/gjzcfg/8068397","16/11/2025 12:34:06"
"576078e9-e268-d41e-559d-19cd9a9c21b3","【土地交易】关于印发《关于加强上海市产业用地出让管理的若干规定》的通知","2024-12-11","https://www.shggzy.com/shzchb/8116524","16/11/2025 12:34:07"
"586a5e32-2dc0-1995-b137-e1a8b5019f23","最高人民法院关于审理涉及农村土地承包经营纠纷调解仲裁案件适用法律若干问题的解释","2024-10-23","https://www.shggzy.com/gjzcfg/8063190","16/11/2025 12:34:07"
"594e581e-61b4-775f-b7cf-dc8cfec8a02d","【土地交易】关于印发《上海市矿业权交易市场管理办法》的通知","2024-12-11","https://www.shggzy.com/shzchb/8116558","16/11/2025 12:34:07"
"59fefeec-275e-2110-8d89-0fc6881c60be","工程建设项目施工招标投标办法","2024-10-23","https://www.shggzy.com/gjzcfg/8063292","16/11/2025 12:34:07"
"5a476bfa-3d4c-782d-b2c8-aed6c1c3dd5e","中共中央、国务院关于深化国有企业改革的指导意见","2024-10-23","https://www.shggzy.com/gjzcfg/8063371","16/11/2025 12:34:07"
"5ab48d7c-eb88-a1b7-d07a-c4874721a7cd","国务院办公厅关于创新完善体制机制推动招标投标市场规范健康发展的意见","2024-05-13","https://www.shggzy.com/zhfgwj/7885343","16/11/2025 12:34:06"
"5b2b6918-0224-163c-9e33-96d7d733c5ef","商业银行股权管理暂行办法","2024-10-23","https://www.shggzy.com/gjzcfg/8063494","16/11/2025 12:34:07"
"5c0de8a7-9022-0caa-d4bc-fc50b0ea3ce7","中华人民共和国民法典","2020-12-10","https://www.shggzy.com/zhfgfl/231480","16/11/2025 12:34:07"
"5c332935-b4de-56fa-368e-dc332812f0d5","文物艺术品拍卖规程","2024-10-23","https://www.shggzy.com/gjzcfg/8063384","16/11/2025 12:34:07"
"5c585696-3520-c403-5707-492c8e013bc8","中华人民共和国农业法","2024-10-23","https://www.shggzy.com/gjzcfg/8063174","16/11/2025 12:34:07"
"5c5e5637-2d86-7aa4-96cb-53ce0cacd32d","协议出让国有土地使用权规范（试行）","2024-10-23","https://www.shggzy.com/gjzcfg/8063407","16/11/2025 12:34:07"
"5c74d47b-d2d5-1e0e-d301-5f919cf4fff1","国家发展改革委办公厅关于印发《公共资源交易平台服务标准(试行)》的通知","2019-04-25","https://www.shggzy.com/zhfgwj/231523","16/11/2025 12:34:07"
"5dd1db87-a7f2-acc6-5641-283892202bdd","农业部办公厅关于印发农村土地(耕地)承包合同示范文本的通知","2024-10-23","https://www.shggzy.com/gjzcfg/8063213","16/11/2025 12:34:07"
"5dfc3c75-7045-edf9-3540-cf813754e1e1","国务院办公厅关于推进公共资源配置领域政府信息公开的意见","2017-12-19","https://www.shggzy.com/zhfgwj/231518","16/11/2025 12:34:07"
"5e2d9e35-ddad-a997-c907-8afffe59ed04","中华人民共和国政府采购法","2020-12-10","https://www.shggzy.com/zhfgfl/231490","16/11/2025 12:34:07"
"5ece490f-44fe-d90d-8582-6fb59d2f2016","【农村产权】上海市农村集体资产监督管理条例","2024-12-11","https://www.shggzy.com/shzchb/8116665","16/11/2025 12:34:07"
"5f7eff88-2f71-5aeb-3f63-b28d6e3bdd16","《上海市碳排放管理办法》（沪府令20号）","2025-03-18","https://www.shggzy.com/shzchb/8190617","16/11/2025 12:34:07"
"5ff48403-8139-9547-a04a-a33ea731c4e6","中华人民共和国农村土地承包经营纠纷调解仲裁法","2024-10-23","https://www.shggzy.com/gjzcfg/8063172","16/11/2025 12:34:07"
"60b61196-ffa0-4fe6-08d3-0ad32de705e0","【建设工程】关于进一步完善本市园林绿化工程施工招标评标办法的通知","2024-11-18","https://www.shggzy.com/shzchb/8092719","16/11/2025 12:34:07"
"62052014-b407-9502-d150-872009f97b61","中华人民共和国民事诉讼法","2024-10-23","https://www.shggzy.com/gjzcfg/8063156","16/11/2025 12:34:07"
"62e417ba-0e8d-9ea5-ec3d-c40097fb9af6","财政部关于加强政府采购活动内部控制管理的指导意见","2024-10-23","https://www.shggzy.com/gjzcfg/8063429","16/11/2025 12:34:06"
"63a02a55-ae65-ba4b-d583-cca8e579b33b","财政部、司法部关于政府采购支持监狱企业发展有关问题的通知","2024-10-23","https://www.shggzy.com/gjzcfg/8063478","16/11/2025 12:34:07"
"6489eeb6-5e90-e3dc-7a82-6d3bbeb32bf6","财政部关于在政府采购活动中查询及使用信用记录有关问题的通知","2024-10-23","https://www.shggzy.com/gjzcfg/8063426","16/11/2025 12:34:07"
"64a7c400-f863-203a-0bb4-a1c646d16c4e","农村公路建设管理办法(2018)","2024-10-23","https://www.shggzy.com/gjzcfg/8063328","16/11/2025 12:34:07"
"64e0c73e-42a6-407f-7770-4e86df8a492e","【政府采购】关于印发《上海市政府采购集中采购机构监督考核管理办法》的通知","2024-12-11","https://www.shggzy.com/shzchb/8116590","16/11/2025 12:34:07"
"65926059-e802-fef4-c821-1dae426ad6a1","【技术交易】关于印发《上海市技术交易场所管理细则》的通知","2024-12-11","https://www.shggzy.com/shzchb/8116624","16/11/2025 12:34:07"
"65c3f693-0414-10e1-43aa-0da5eafbcb26","【农村产权】上海市人民政府办公厅转发市农业农村委等三部门《关于做好村组撤制工作的指导意见》的通知","2024-12-11","https://www.shggzy.com/shzchb/8116670","16/11/2025 12:34:07"
"669e71fc-c069-6997-14a5-e977e4f79f76","国家发展改革委办公厅关于印发《公共资源交易平台服务标准(试行)》的通知","2024-10-23","https://www.shggzy.com/gjzcfg/8063522","16/11/2025 12:34:07"
"672c1ac9-e76a-8f70-0c2f-6293f54d9024","上海市公共资源交易管理办法","2025-02-10","https://www.shggzy.com/shzchb/8158983","16/11/2025 12:34:07"
"6739b65e-2a06-950f-31ab-80b4ec7db56e","【综合管理】 上海市公共资源交易投标电子保函服务管理办法","2025-02-10","https://www.shggzy.com/shzchb/8159024","16/11/2025 12:34:07"
"68a360f0-82ec-0e4d-e801-107a69843e24","国家出资企业产权登记管理暂行办法","2024-10-23","https://www.shggzy.com/gjzcfg/8063484","16/11/2025 12:34:07"
"68f7444d-1f80-596e-ffb8-89501ad678aa","【政府采购】 关于印发《上海市政府采购促进中小企业发展实施办法》的通知","2024-12-11","https://www.shggzy.com/shzchb/8116589","16/11/2025 12:34:07"
"69c5ad41-eeb0-9a0d-0fa4-adfb0e82c6b0","中华人民共和国城市房地产管理法","2024-10-23","https://www.shggzy.com/gjzcfg/8062649","16/11/2025 12:34:07"
"6aaa96c1-79f0-e91f-4ae2-9fc68f37d9a0","上海市优化营商环境条例","2020-04-10","https://www.shggzy.com/zhfgfg/231499","16/11/2025 12:34:07"
"6b4336e5-78aa-b1d8-ff31-641c7c60eb2c","中华人民共和国招标投标法实施条例","2024-10-23","https://www.shggzy.com/gjzcfg/8063256","16/11/2025 12:34:07"
"6b524d64-81a6-4190-39d7-e3cc239213a5","国务院国有资产监督管理委员会关于加强企业国有资产评估管理工作有关问题的通知","2024-10-23","https://www.shggzy.com/gjzcfg/8063369","16/11/2025 12:34:07"
"6c61a8cc-bace-89e6-7bb2-833249a9b1e7","中华人民共和国农业法","2020-12-10","https://www.shggzy.com/zhfgfl/231484","16/11/2025 12:34:07"
"6cb33233-4281-6e88-b41d-4a7e73d6fb5c","关于印发《上海市公共资源交易平台数据规范（试行）》的通知","2020-11-17","https://www.shggzy.com/zhfgwj/7788211","16/11/2025 12:34:07"
"6cd0cacd-259d-ea7b-edd4-8810f85add0c","最高人民法院关于人民法院网络司法拍卖若干问题的规定","2020-12-10","https://www.shggzy.com/zhfgfl/231493","16/11/2025 12:34:07"
"6d07da96-abc8-2e08-e186-ea925c95b311","金融企业国有资产转让管理办法","2024-10-23","https://www.shggzy.com/gjzcfg/8063492","16/11/2025 12:34:07"
"6db977cc-84dd-63c7-fcbf-88b06fcd1ae0","国务院办公厅关于印发整合建立统一的公共资源交易平台工作方案的通知","2015-08-10","https://www.shggzy.com/zhfgwj/231517","16/11/2025 12:34:07"
"6dcfb1a0-0415-5d06-a8ed-374378610816","最高人民法院关于审理涉及农村土地承包纠纷案件适用法律问题的解释","2024-10-23","https://www.shggzy.com/gjzcfg/8063209","16/11/2025 12:34:07"
"6ef4fa40-e18a-6b0e-4a15-7bcc044e7dbe","国家发展改革委、工业和信息化部、住房城乡建设部、交通运输部、水利部、商务部、国家新闻出版广电总局、国家铁路局、中国民用航空局关于印发《标准设备采购招标文件》等五个标准招标文件的通知","2024-10-23","https://www.shggzy.com/gjzcfg/8063373","16/11/2025 12:34:07"
"6f99a93d-ad65-508b-52c9-927bd211e17a","公开目录","2024-12-31","https://www.shggzy.com/shzchb/8137166","16/11/2025 12:34:07"
"6f9de2a1-3a1b-fff8-eeba-2de36aa99213","上海市公共资源交易综合专家库管理规则（试行）","2021-03-01","https://www.shggzy.com/zhfgwj/317694","16/11/2025 12:34:06"
"702ef2d0-ec50-4f76-5851-6ad7403140bc","公路水运工程监理企业资质管理规定","2024-10-23","https://www.shggzy.com/gjzcfg/8063331","16/11/2025 12:34:07"
"71d24ddb-9ec8-1d51-5e3c-b54da2f08650","财政部关于印发《金融企业非上市国有产权交易规则》的通知","2024-10-23","https://www.shggzy.com/gjzcfg/8063263","16/11/2025 12:34:07"
"729a0565-56f8-90a8-2ed6-b5b6fba66aa8","水运工程建设项目招标投标管理办法","2024-10-23","https://www.shggzy.com/gjzcfg/8063293","16/11/2025 12:34:07"
"73ae6fc5-684b-f634-5b47-9dfa3e7c72a4","最高人民法院关于审理建设工程施工合同纠纷案件适用法律问题的解释(一)","2024-10-23","https://www.shggzy.com/gjzcfg/8063221","16/11/2025 12:34:07"
"740df29d-e4e3-66ae-5b77-198b009d3484","国务院办公厅关于完善建设用地使用权转让、出租、抵押二级市场的指导意见","2024-10-23","https://www.shggzy.com/gjzcfg/8063421","16/11/2025 12:34:07"
"74ed6875-fb6c-438e-f0ed-ee377880a4d0","【农村产权】上海市撤制村、队集体资产处置暂行办法","2024-12-11","https://www.shggzy.com/shzchb/8116669","16/11/2025 12:34:07"
"754ead81-0846-3412-3467-dd5ba7ecd243","【交通系统】关于在上海市公共资源交易中心开展中国铁路上海局集团有限公司铁路建设项目招标投标的交易指引","2024-10-28","https://www.shggzy.com/zxzdgz/8068760","16/11/2025 12:34:07"
"75a36462-de77-9756-005c-3a31409e033d","【国有产权】关于规范国有及国有控股企业资产转让管理有关问题的通知","2024-12-11","https://www.shggzy.com/shzchb/8116569","16/11/2025 12:34:07"
"75cc774b-4d9f-30e9-e7a1-592940a2246e","中华人民共和国城市房地产管理法","2020-12-10","https://www.shggzy.com/zhfgfl/231476","16/11/2025 12:34:07"
"75ff7baf-94fd-6e1c-0eb2-3792d7384b59","上海市公共资源交易整合共享工作协调机制关于同意在上海联合产权交易所加挂上海市公共资源交易中心牌子等事项的通知","2020-12-09","https://www.shggzy.com/zhfgwj/7788206","16/11/2025 12:34:07"
"762cfc5f-185e-9e05-eac7-ef8b3dc13bb4","国务院办公厅关于建立政府强制采购节能产品制度的通知","2024-10-23","https://www.shggzy.com/gjzcfg/8063451","16/11/2025 12:34:07"
"7687578a-a9e5-14a4-e1ac-12bd85aee0aa","【政府采购】关于进一步规范本市政府采购信息公开有关事项的通知","2024-12-11","https://www.shggzy.com/shzchb/8116582","16/11/2025 12:34:07"
"7771a8c0-38f9-47c7-6dca-be89229ad9c9","关于印发《上海市深化公共资源“一网交易”改革三年行动方案（2024-2026年）》的通知","2024-04-25","https://www.shggzy.com/zhfgwj/7867274","16/11/2025 12:34:06"
"77baa522-29ff-5b43-76c0-24d1ca2261fd","财政部关于进一步明确国有金融企业增资扩股股权管理有关问题的通知","2024-10-23","https://www.shggzy.com/gjzcfg/8063259","16/11/2025 12:34:07"
"783b2f43-070c-ff48-c4f9-e8d6ba957a8b","国务院办公厅关于印发整合建立统一的公共资源交易平台工作方案的通知","2024-10-23","https://www.shggzy.com/gjzcfg/8063503","16/11/2025 12:34:07"
"78f8af66-ac6d-1463-e233-bbf1fdb14216","关于印发《上海深化公共资源“一网交易”改革三年行动方案（2021-2023年）》的通知","2021-09-17","https://www.shggzy.com/zhfgwj/7788196","16/11/2025 12:34:06"
"793ef4e4-666b-7784-93c2-665cb7f844aa","【综合采购】上海市公共资源交易中心响应方信用记分评估标准（试行）","2024-10-28","https://www.shggzy.com/zxzdgz/8068700","16/11/2025 12:34:07"
"797d9960-1bc0-ca20-bb20-a965afd9a544","财政部、生态环境部关于印发环境标志产品政府采购品目清单的通知","2024-10-23","https://www.shggzy.com/gjzcfg/8063449","16/11/2025 12:34:07"
"7c479847-79bc-106d-2abf-57638400ccc6","【技术交易】上海技术交易所技术供需信息发布操作细则","2024-12-31","https://www.shggzy.com/shzchb/8070477","16/11/2025 12:34:07"
"7e9a9ebc-7ee5-c635-8b9b-44bc4e80661d","【综合管理】上海市公共资源交易中心公共服务清单(2024年版)","2025-02-10","https://www.shggzy.com/shzchb/8159039","16/11/2025 12:34:07"
"7f04b969-a6bb-701a-dc63-6c4d232b5513","中华人民共和国土地管理法","2024-10-23","https://www.shggzy.com/gjzcfg/8063181","16/11/2025 12:34:07"
"7fb6b83c-940b-cd34-4382-1c1e2d3a3993","国土资源部、监察部关于落实工业用地招标拍卖挂牌出让制度有关问题的通知","2024-10-23","https://www.shggzy.com/gjzcfg/8063394","16/11/2025 12:34:07"
"7fd309db-2043-6dd0-3b3d-81802d3bbea4","国务院办公厅转发国家发展改革委关于深化公共资源交易平台整合共享指导意见的通知","2024-10-23","https://www.shggzy.com/gjzcfg/8063511","16/11/2025 12:34:07"
"81c2164a-2bf1-484c-0d7f-b918a3f62453","中共中央、国务院关于实施乡村振兴战略的意见","2024-10-23","https://www.shggzy.com/gjzcfg/8063258","16/11/2025 12:34:07"
"81e12880-48ed-49ea-4763-bbaa32855765","中华人民共和国农村土地承包法","2024-10-23","https://www.shggzy.com/gjzcfg/8063159","16/11/2025 12:34:07"
"821c53e1-835a-490d-6889-7b11ef7396f5","【技术交易】上海技术交易所交易暂行规则","2024-12-31","https://www.shggzy.com/shzchb/8070468","16/11/2025 12:34:07"
"82b6252a-21ec-47f5-1a50-d76021ea87e4","财政部关于印发《政务信息系统政府采购管理暂行办法》的通知","2024-10-23","https://www.shggzy.com/gjzcfg/8063428","16/11/2025 12:34:06"
"82b755b7-4c00-46bd-5d37-d510577e0999","【碳排交易】上海市生态环境局关于印发《上海市碳排放核查第三方机构管理办法》的通知","2024-12-11","https://www.shggzy.com/shzchb/8116653","16/11/2025 12:34:07"
"8353ac1c-9919-9e26-3a10-7ee2b78f82d0","上海市发展和改革委员会关于印发《上海市公共资源交易平台升级改造工作方案》的通知","2020-12-10","https://www.shggzy.com/zhfgwj/231528","16/11/2025 12:34:06"
"835ba862-7d94-6cc7-3ebc-f4fedc326c9d","国务院国有资产监督管理委员会关于印发《企业国有产权无偿划转工作指引》的通知","2024-10-23","https://www.shggzy.com/gjzcfg/8063370","16/11/2025 12:34:07"
"8397da09-2660-ab9e-503e-cbb0261cc76d","必须招标的工程项目规定","2024-10-23","https://www.shggzy.com/gjzcfg/8063276","16/11/2025 12:34:07"
"839ff55b-ccdb-45dd-b818-596731505adf","关于印发《市公共资源交易平台与财政国库集中支付平台对接方案》的通知","2024-10-23","https://www.shggzy.com/gjzcfg/8063498","16/11/2025 12:34:07"
"848dc42b-d90c-5ea0-ad2b-3c282e34ca2d","网络拍卖规程","2024-10-23","https://www.shggzy.com/gjzcfg/8063380","16/11/2025 12:34:06"
"8491141b-e65f-8d9c-f3e2-ec8a069f1a8c","上海市公共资源交易中心场内交易信用记分实施细则（试行）","2025-02-24","https://www.shggzy.com/zxzdgz/8169999","16/11/2025 12:34:07"
"84bb8f21-8ed6-e68f-0590-98fc51f62373","企业国有资产交易监督管理办法","2024-10-23","https://www.shggzy.com/gjzcfg/8063283","16/11/2025 12:34:07"
"853754c1-52cd-832c-c8f4-b245e4633cb7","国家发展改革委、工业和信息化部、监察部等关于印发《招标投标违法行为记录公告暂行办法》的通知","2024-10-23","https://www.shggzy.com/gjzcfg/8063500","16/11/2025 12:34:07"
"85a58946-9582-4f84-ff1d-efc350ce862c","上海市公共资源 “一网交易”平台 议事协调规则（试行）","2025-02-11","https://www.shggzy.com/zxzdgz/8159714","16/11/2025 12:34:07"
"8711b82e-f646-a3bd-4ba6-fccb67f2b1bb","政府采购非招标采购方式管理办法","2024-10-23","https://www.shggzy.com/gjzcfg/8063457","16/11/2025 12:34:07"
"8733cdba-3c97-fda8-ca0d-4dc0a40c5310","政府采购质疑和投诉办法","2024-10-23","https://www.shggzy.com/gjzcfg/8063454","16/11/2025 12:34:07"
"879a4e02-b365-b17a-1507-b06d6636e606","最高人民法院关于审理建设工程施工合同纠纷案件适用法律问题的解释(一)","2021-01-07","https://www.shggzy.com/zhfgfl/231498","16/11/2025 12:34:06"
"87a33777-2e3e-f339-10e6-c2c6ecc13aef","农业部、中央农办、国土资源部、国家工商总局关于加强对工商资本租赁农地监管和风险防范的意见","2024-10-23","https://www.shggzy.com/gjzcfg/8063218","16/11/2025 12:34:07"
"88abaa89-ae86-5213-c34e-d5fdbfbfcd6e","建筑工程施工发包与承包计价管理办法","2024-10-23","https://www.shggzy.com/gjzcfg/8063290","16/11/2025 12:34:07"
"88c63412-c828-a2ba-2499-65184eb17e13","财政部关于印发《国有资产评估项目备案管理办法》的通知","2024-10-23","https://www.shggzy.com/gjzcfg/8063291","16/11/2025 12:34:07"
"8918a5e2-d858-3091-6b68-dda50cf9a6dd","【建设工程】电子招标投标交易平台投标人操作指南","2025-02-10","https://www.shggzy.com/shzchb/8158987","16/11/2025 12:34:07"
"8a05d211-a41d-4b97-e507-3e5e92b0c76a","中华人民共和国农村土地承包经营纠纷调解仲裁法","2020-12-10","https://www.shggzy.com/zhfgfl/231483","16/11/2025 12:34:07"
"8a4c0237-1d6f-27e6-199b-6d2b40af4cf3","国土资源部、监察部关于严格实行经营性土地使用权招标拍卖挂牌出让的通知","2024-10-23","https://www.shggzy.com/gjzcfg/8063405","16/11/2025 12:34:07"
"8bad8f94-2dfc-6552-1e7a-2418d6fa150c","工程建设项目货物招标投标办法","2024-10-23","https://www.shggzy.com/gjzcfg/8063277","16/11/2025 12:34:07"
"8baf6271-0a68-1435-3b8b-5c9ec9190931","国土资源部、住房和城乡建设部关于进一步加强房地产用地和建设管理调控的通知","2024-10-23","https://www.shggzy.com/gjzcfg/8063403","16/11/2025 12:34:07"
"8c1d58d5-f0ec-80a0-92e4-fe5be40ee4f4","国有资产评估管理办法","2024-10-23","https://www.shggzy.com/gjzcfg/8063270","16/11/2025 12:34:07"
"8c6bf313-072e-e9c6-2f96-27187f624377","中华人民共和国合伙企业法","2020-12-10","https://www.shggzy.com/zhfgfl/231479","16/11/2025 12:34:07"
"8e17d09a-a1c1-bb61-1d0e-291aed5330c4","【土地交易】关于印发《关于加强本市经营性用地出让管理的若干规定》的通知","2024-12-11","https://www.shggzy.com/shzchb/8116478","16/11/2025 12:34:07"
"8e5fe2ec-b59d-df9c-76a3-63addd8d5f4a","上海市人民政府关于印发《上海市交易场所管理暂行办法》的通知","2020-12-10","https://www.shggzy.com/zhfgwj/231532","16/11/2025 12:34:06"
"8efb37a6-7aad-4cf0-3223-aa2e9db72282","关于调整网络安全专用产品安全管理有关事项的公告","2024-10-28","https://www.shggzy.com/gjzcfg/8068399","16/11/2025 12:34:07"
"9040468e-a0cd-078e-e74e-a03ceb585d0a","【粮食交易】上海市地方粮食储备安全管理办法","2024-12-11","https://www.shggzy.com/shzchb/8116656","16/11/2025 12:34:07"
"920588c5-de99-2f34-caa1-3a4602c853b6","国务院办公厅关于进一步加强政府采购管理工作的意见","2024-10-23","https://www.shggzy.com/gjzcfg/8063456","16/11/2025 12:34:07"
"946d6931-fad2-22b5-cb81-aad09e3abb80","财政部、民政部、中国残疾人联合会关于促进残疾人就业政府采购政策的通知","2024-10-23","https://www.shggzy.com/gjzcfg/8063450","16/11/2025 12:34:07"
"963bf913-6062-6af2-8f6f-1be745c827cd","国家发展改革委关于印发《全国公共资源交易目录指引》的通知","2024-10-23","https://www.shggzy.com/gjzcfg/8063502","16/11/2025 12:34:07"
"96426b15-d8cc-d5ba-03c6-a885e0ae0a26","国土资源部关于建立土地有形市场促进土地使用权规范交易的通知","2024-10-23","https://www.shggzy.com/gjzcfg/8063404","16/11/2025 12:34:07"
"973aff80-1f56-fc7c-672b-b7428c9b2489","评标委员会和评标方法暂行规定","2013-03-11","https://www.shggzy.com/zhfggz/231505","16/11/2025 12:34:07"
"97fc332f-296b-10bd-a1d3-2388ea4e83e6","铁路建设工程招标投标监管暂行办法","2024-10-23","https://www.shggzy.com/gjzcfg/8063483","16/11/2025 12:34:07"
"98785dd4-50f4-86c8-4afb-9b7100b20ea1","民航局机场司关于印发《民航专业工程建设项目招标投标管理办法》的通知","2024-10-23","https://www.shggzy.com/gjzcfg/8063488","16/11/2025 12:34:07"
"9a93099b-bb56-4db9-0e86-8e4d4de51eed","【综合管理】关于印发《上海深化公共资源“一网交易”改革三年行动方案（2021-2023年）》的通知","2025-02-10","https://www.shggzy.com/shzchb/8159016","16/11/2025 12:34:07"
"9ad3bb98-3a71-d092-c9c8-2c55dfad7352","【建设工程】上海市住房和城乡建设管理委员会关于印发《上海市建筑装饰装修工程管理 实施办法》的通知","2024-11-05","https://www.shggzy.com/shzchb/8078590","16/11/2025 12:34:07"
"9bd70835-0d19-1d02-3a4d-ff0ccc914e23","国家发展改革委法规司负责同志就《评标专家和评标专家库管理办法》答记者问","2024-10-20","https://www.shggzy.com/zhfgwj/8058136","16/11/2025 12:34:06"
"9c399b74-a205-b7e3-362d-ea97d0eeb276","国家发展改革委办公厅关于印发《部分地方深化公共资源交易平台整合共享工作典型做法》的通知","2019-08-28","https://www.shggzy.com/zhfgwj/231524","16/11/2025 12:34:07"
"9cfc9928-f94d-f75c-d3d4-4338785ca214","闲置土地处置办法","2024-10-23","https://www.shggzy.com/gjzcfg/8063460","16/11/2025 12:34:07"
"9d149ab4-4cad-f36c-38b8-9465d3a3e17a","关于印发《上海市公共资源交易服务清单指引（2023年版）》的通知","2024-10-23","https://www.shggzy.com/shzchb/8063783","16/11/2025 12:34:07"
"9d37e59c-542d-4667-b704-28af35d62c4f","国务院办公厅转发国家发展改革委关于深化公共资源交易平台整合共享指导意见的通知","2019-05-19","https://www.shggzy.com/zhfgwj/231519","16/11/2025 12:34:07"
"9e48e212-7137-0e71-72f1-dc9e46bb0252","国务院国有资产监督管理委员会关于印发《企业国有资产评估项目备案工作指引》的通知","2024-10-23","https://www.shggzy.com/gjzcfg/8063307","16/11/2025 12:34:07"
"a027f504-e2b4-b7af-abc7-fdaaa15979de","国家发展改革委关于印发《全国公共资源交易目录指引》的通知","2020-12-10","https://www.shggzy.com/zhfgwj/231525","16/11/2025 12:34:06"
"a179b23d-1272-dc01-352b-0cfcb3cfe8a1","【综合管理】关于印发《上海市公共资源交易平台数据规范（试行）》的通知","2025-02-10","https://www.shggzy.com/shzchb/8159006","16/11/2025 12:34:07"
"a1c2efb2-3ae1-e4e7-0741-010c756f5213","协议出让国有土地使用权规定","2024-10-23","https://www.shggzy.com/gjzcfg/8063480","16/11/2025 12:34:07"
"a2afddbe-2e1a-8edb-9f2a-3f35115fd0e7","发展改革委关于印发《必须招标的基础设施和公用事业项目范围规定》的通知","2018-06-06","https://www.shggzy.com/zhfgwj/231522","16/11/2025 12:34:07"
"a2fff90c-7a5f-f182-1f68-af55649b95e3","【综合管理】上海市公共资源交易整合共享工作协调机制关于同意在上海联合产权交易所加挂上海市公共资源交易","2025-02-10","https://www.shggzy.com/shzchb/8159013","16/11/2025 12:34:07"
"a37a4d8f-1ce2-64a4-08ea-dc0a8644aa8a","规则目录","2024-12-31","https://www.shggzy.com/shzchb/8137189","16/11/2025 12:34:07"
"a4a72ea6-6bac-0276-e889-ae4bdc07481e","【建设工程】上海市建筑市场管理条例","2024-11-05","https://www.shggzy.com/shzchb/8077634","16/11/2025 12:34:07"
"a4c13b2e-8ca3-617a-0f2c-ec9c3134e88e","铁路工程建设项目招标投标管理办法","2024-10-23","https://www.shggzy.com/gjzcfg/8063327","16/11/2025 12:34:07"
"a52070f5-cf1e-839e-6903-1101cf1129c4","优化营商环境条例","2019-10-22","https://www.shggzy.com/zhfgfg/231500","16/11/2025 12:34:07"
"a536c3af-6097-299c-b7e3-3ad5c0496ed7","国家发展改革委办公厅关于印发《部分地方深化公共资源交易平台整合共享工作典型做法》的通知","2024-10-23","https://www.shggzy.com/gjzcfg/8063505","16/11/2025 12:34:07"
"a53c4724-03bb-02f7-4396-bfefabf3b33a","国家发展改革委、工业和信息化部、监察部等关于印发《招标投标违法行为记录公告暂行办法》的通知","2008-06-18","https://www.shggzy.com/zhfgwj/231520","16/11/2025 12:34:07"
"a583347e-3160-6d62-c6b0-b2370520f645","【国有产权】关于印发本市国有产权交易领域政府信息公开操作指引的通知","2024-12-11","https://www.shggzy.com/shzchb/8116576","16/11/2025 12:34:07"
"a624bac4-5209-7cba-723c-79e036fe0a78","【建设工程】关于印发《上海市建设工程招标投标管理办法实施细则》的通知","2024-11-18","https://www.shggzy.com/shzchb/8092733","16/11/2025 12:34:07"
"a6c6cda3-fb9a-cf2b-0fcd-cdc0111be980","评标委员会和评标方法暂行规定","2024-12-31","https://www.shggzy.com/gjzcfg/8137491","16/11/2025 12:34:07"
"a7e3c687-a219-8555-d5f1-7b9dc6595ded","国务院国有资产监督管理委员会关于中央企业国有产权置换有关事项的通知","2024-10-23","https://www.shggzy.com/gjzcfg/8063309","16/11/2025 12:34:07"
"a8043683-2818-5a75-3d29-790323dcbc6d","【药械采购】上海市人民政府办公厅关于进一步加强本市疫苗流通和预防接种管理工作的通知","2024-12-11","https://www.shggzy.com/shzchb/8116655","16/11/2025 12:34:07"
"a809b0c0-0c74-2d72-60ca-e975612dc407","中华人民共和国合伙企业法","2024-10-23","https://www.shggzy.com/gjzcfg/8063153","16/11/2025 12:34:07"
"a8293582-821d-5cab-9b56-63d057d7b04a","评标专家和评标专家库管理暂行办法","2020-11-17","https://www.shggzy.com/zhfggz/231509","16/11/2025 12:34:07"
"a9127712-0d0d-8198-f338-e3a601eb3e95","上海市人民政府关于同意上海市公共资源交易平台升级改造工作方案的批复","2020-12-10","https://www.shggzy.com/zhfgwj/231531","16/11/2025 12:34:06"
"a9d575df-ba71-a77d-46e9-3d01beede6ff","地方国有资产监管工作指导监督办法","2024-10-23","https://www.shggzy.com/gjzcfg/8063487","16/11/2025 12:34:07"
"ab22918d-a7e0-cad6-bf04-346630283747","国务院办公厅关于创新完善体制机制推动招标投标市场规范健康发展的意见","2024-10-23","https://www.shggzy.com/gjzcfg/8063495","16/11/2025 12:34:06"
"ab9ccd6f-26db-af42-bb70-5b00655a1319","拍卖管理办法","2020-12-10","https://www.shggzy.com/zhfggz/231511","16/11/2025 12:34:06"
"ac63d0dc-d304-f714-4965-c2b308d72dc4","【建设工程】勘察电子招标投标应用指南","2024-12-31","https://www.shggzy.com/shzchb/8070459","16/11/2025 12:34:07"
"ac92d915-0784-2751-c061-a5401a671e5a","【建设工程】上海市住房和城乡建设管理委员会 关于本市进一步推广工程建设项目勘察、 设计、施工电子招标","2024-11-18","https://www.shggzy.com/shzchb/8092710","16/11/2025 12:34:07"
"ac956980-3ec3-1b2b-ae72-64664e2b62d9","中华人民共和国农村土地承包法","2020-12-10","https://www.shggzy.com/zhfgfl/231482","16/11/2025 12:34:07"
"adf29464-8d7c-654d-46c6-4111ade3b7ea","【政府采购】关于延长《上海市政府采购评审专家和评审工作管理办法》有效期的通知","2024-12-11","https://www.shggzy.com/shzchb/8116580","16/11/2025 12:34:07"
"ae05571a-62f2-dbc8-bbfc-cd7d5df3fc3c","中华人民共和国政府采购法","2024-10-23","https://www.shggzy.com/gjzcfg/8063184","16/11/2025 12:34:07"
"ae50b134-e695-d0aa-6c9d-5df2fb9580e0","拍卖监督管理办法","2024-10-23","https://www.shggzy.com/gjzcfg/8063282","16/11/2025 12:34:07"
"aee60649-ea05-de9f-a456-fbad6e7baabb","【建设工程】上海市在沪工程监理企业信用评价管理办法","2024-11-18","https://www.shggzy.com/shzchb/8092732","16/11/2025 12:34:07"
"afda428c-5419-3d09-0715-608671d70d39","发展改革委关于印发《必须招标的基础设施和公用事业项目范围规定》的通知","2024-10-23","https://www.shggzy.com/gjzcfg/8063523","16/11/2025 12:34:07"
"aff38cb6-01e4-694c-1087-d1b30ccfd7e2","最高人民法院关于人民法院网络司法拍卖若干问题的规定","2024-10-23","https://www.shggzy.com/gjzcfg/8063188","16/11/2025 12:34:07"
"b01c8d77-650f-e07a-71e6-6606429ff774","农民股份合作企业暂行规定","2024-10-23","https://www.shggzy.com/gjzcfg/8063497","16/11/2025 12:34:07"
"b0399f72-9573-2f32-d63a-312229561c43","【拍卖服务】上海市公共资源拍卖中心网络同步拍卖运行办法","2024-12-11","https://www.shggzy.com/shzchb/8116618","16/11/2025 12:34:07"
"b066be2f-8a35-0250-2dda-8ea905555a6a","农村土地承包合同管理办法","2024-10-28","https://www.shggzy.com/gjzcfg/8068398","16/11/2025 12:34:07"
"b1480178-fe84-4224-97e9-b0432cb4c53c","政府购买服务管理办法","2024-10-23","https://www.shggzy.com/gjzcfg/8063344","16/11/2025 12:34:07"
"b1aa706b-a7ad-c15c-5490-9a525032567a","不动产拍卖规程","2024-10-23","https://www.shggzy.com/gjzcfg/8063382","16/11/2025 12:34:07"
"b20b0208-619d-daa3-8d45-9834a62ec71c","服务清单","2024-12-31","https://www.shggzy.com/shzchb/8137191","16/11/2025 12:34:07"
"b3d4f43d-3fa1-d1b2-07d4-80eab7d2b8b8","中华人民共和国城镇国有土地使用权出让和转让暂行条例","2024-10-23","https://www.shggzy.com/gjzcfg/8063261","16/11/2025 12:34:07"
"b5a0e037-f45f-6067-726e-df20a1c6d3eb","上海市公共资源交易中心交易见证服务细则（试行）","2024-10-28","https://www.shggzy.com/zxzdgz/8068725","16/11/2025 12:34:07"
"b5e44d1b-1761-5b1b-a290-2dfa65cca1e4","【技术交易】上海技术交易所交易档案管理暂行办法","2024-12-31","https://www.shggzy.com/shzchb/8070489","16/11/2025 12:34:07"
"b6cf0896-d892-8cf1-680a-8e680d1ff91b","【土地交易】关于印发《上海市土地交易市场监督管理办法》的通知","2024-12-11","https://www.shggzy.com/shzchb/8116484","16/11/2025 12:34:07"
"b7b6e040-8a83-5992-40e0-d67a2621ae66","水利工程建设项目招标投标管理规定","2024-10-23","https://www.shggzy.com/gjzcfg/8063343","16/11/2025 12:34:07"
"b86e0af6-aca8-ce1b-8ebc-e40126f23ac7","【建设工程】上海市房屋建筑和市政基础设施工程施工招标评标办法","2024-11-18","https://www.shggzy.com/shzchb/8092762","16/11/2025 12:34:07"
"b901a949-0a99-5255-fe93-c5dc1dc2735c","中华人民共和国文物保护法","2024-10-23","https://www.shggzy.com/gjzcfg/8063182","16/11/2025 12:34:07"
"b9a43563-5426-334e-cae2-2835587bf20b","中华人民共和国民法典","2024-10-23","https://www.shggzy.com/gjzcfg/8063155","16/11/2025 12:34:07"
"ba38a5af-0c39-2938-4fe7-6bc713a878a7","中央企业境外国有产权管理暂行办法","2024-10-23","https://www.shggzy.com/gjzcfg/8063486","16/11/2025 12:34:07"
"bf12dd7d-555b-fc2c-5dbf-156cb340ddc7","【综合采购】上海市公共资源交易中心综合采购专家库管理实施规则(试行)","2024-10-28","https://www.shggzy.com/zxzdgz/8068679","16/11/2025 12:34:07"
"bfa120b2-1d6d-fa83-8b11-ed716a8cda78","上市公司国有股权监督管理办法","2024-10-23","https://www.shggzy.com/gjzcfg/8063481","16/11/2025 12:34:07"
"bfc7e61f-cd01-98ed-4b40-3ec88c6f84da","最高人民法院关于审理与企业改制相关的民事纠纷案件若干问题的规定","2020-12-10","https://www.shggzy.com/zhfgfl/231497","16/11/2025 12:34:06"
"c14c737a-2171-1035-1d1a-de963beaf2e3","【建设工程】施工电子招标投标应用指南","2024-12-31","https://www.shggzy.com/shzchb/8070467","16/11/2025 12:34:07"
"c23d7a3f-3488-1878-fb24-99b11b2bf86d","最高人民法院关于国有土地开荒后用于农耕的土地使用权转让合同纠纷案件如何适用法律问题的批复","2024-10-23","https://www.shggzy.com/gjzcfg/8063186","16/11/2025 12:34:07"
"c2f090eb-7716-81b8-db23-ee5c9a81dfee","中华人民共和国土地管理法","2020-12-10","https://www.shggzy.com/zhfgfl/231487","16/11/2025 12:34:07"
"c4027801-3e6e-e3e1-d7e0-5000e73beba8","【综合采购】上海市公共资源交易中心发起方信用记分评估标准（试行）","2024-10-28","https://www.shggzy.com/zxzdgz/8068690","16/11/2025 12:34:07"
"c4565a7a-06a5-6fae-f809-badfc84f16d7","最高人民法院关于审理涉及农村集体土地行政案件若干问题的规定","2020-12-10","https://www.shggzy.com/zhfgfl/231494","16/11/2025 12:34:07"
"c4e2fce2-8cb5-0070-f244-a3649128699d","国务院关于促进节约集约用地的通知","2024-10-23","https://www.shggzy.com/gjzcfg/8063222","16/11/2025 12:34:07"
"c5290c1c-ed6c-c238-2fcc-2e63eb87dbd9","企业国有资产交易监督管理办法","2020-12-10","https://www.shggzy.com/zhfggz/231513","16/11/2025 12:34:06"
"c55675ba-65e2-34e6-4e1a-3c6ac0dc16c5","工程建设项目招标投标活动投诉处理办法","2024-10-23","https://www.shggzy.com/gjzcfg/8063273","16/11/2025 12:34:07"
"c7ff220f-1679-3827-eea5-76ae4f772ec0","财政部关于进一步规范和加强行政事业单位国有资产管理的指导意见","2024-10-23","https://www.shggzy.com/gjzcfg/8063260","16/11/2025 12:34:07"
"c9ad3345-1674-d45d-37d8-f4e4df26f769","司法部关于印发《招标投标公证程序细则》的通知","2024-10-23","https://www.shggzy.com/gjzcfg/8063499","16/11/2025 12:34:07"
"ca729eb2-a295-f303-43af-1a3ec951a16b","财政部关于开展政府采购意向公开工作的通知","2024-10-23","https://www.shggzy.com/gjzcfg/8063425","16/11/2025 12:34:07"
"cbe685d2-c57b-67cb-461f-b4c84c820a58","上海市发展和改革委员会关于印发《上海市公共资源交易目录(2020年版)》的通知","2020-12-10","https://www.shggzy.com/zhfgwj/231527","16/11/2025 12:34:06"
"cc5be890-f602-f71c-97c2-10c14037266d","【建设工程】上海市住房和城乡建设管理委员会关于在建设工程招标投标中应用在沪建设工程勘察设","2024-11-18","https://www.shggzy.com/shzchb/8092730","16/11/2025 12:34:07"
"cd84aeb5-0a4b-ee4e-d04e-d02aafa50a9d","上海市公共资源交易管理办法","2021-10-26","https://www.shggzy.com/zhfggz/231516","16/11/2025 12:34:06"
"ce466402-619b-ba49-c38a-0851bffc7c3e","关于印发《上海市公共资源交易目录（2024年版）》的通知","2025-03-26","https://www.shggzy.com/shzchb/8199354","16/11/2025 12:34:07"
"cea9c819-6af4-08f2-0f71-028ce07ee1d3","农业农村部办公厅关于加强农村土地承包经营合同管理的通知","2024-10-23","https://www.shggzy.com/gjzcfg/8063215","16/11/2025 12:34:07"
"cf4cc192-4376-4850-9ec1-113011495926","建筑工程设计招标投标管理办法","2024-10-23","https://www.shggzy.com/gjzcfg/8063288","16/11/2025 12:34:07"
"d07036ab-b444-a5e6-da38-97ccc9f834d8","中华人民共和国企业国有资产法","2020-12-10","https://www.shggzy.com/zhfgfl/231486","16/11/2025 12:34:07"
"d19b3db6-8913-180f-d366-5de561c01e40","房屋建筑和市政基础设施工程施工招标投标管理办法","2024-10-23","https://www.shggzy.com/gjzcfg/8063285","16/11/2025 12:34:07"
"d24b2c99-1254-b21e-8370-e793fca0f592","中华人民共和国民事诉讼法","2020-12-10","https://www.shggzy.com/zhfgfl/231481","16/11/2025 12:34:07"
"d3809c59-119f-f7d4-2bf1-ff04d6b82f50","【综合管理】上海市公共资源交易服务清单指引（2023年版）","2025-02-10","https://www.shggzy.com/shzchb/8158989","16/11/2025 12:34:07"
"d6b508cc-de78-7b3d-bb42-30d431b4ceae","中共中央办公厅、国务院办公厅关于完善农村土地所有权承包权经营权分置办法的意见","2024-10-23","https://www.shggzy.com/gjzcfg/8063253","16/11/2025 12:34:07"
"d8b631cc-b34b-a835-8597-37ac445fa51e","保险公司股权管理办法(2018)","2024-10-23","https://www.shggzy.com/gjzcfg/8063496","16/11/2025 12:34:07"
"d8ff364b-ee97-ee65-febf-9c17a1deef61","上海市公共资源交易投标电子保函服务管理办法","2024-10-29","https://www.shggzy.com/zxzdgz/8068417","16/11/2025 12:34:07"
"da14edef-3e12-4f0f-ac1b-f5f8ff7c069f","国资委关于促进企业国有产权流转有关事项的通知","2024-10-23","https://www.shggzy.com/gjzcfg/8063306","16/11/2025 12:34:07"
"da450279-150c-4f13-2efd-666eed458005","国土资源部、中央农村工作领导小组办公室、财政部、农业部关于农村集体土地确权登记发证的若干意见","2024-10-23","https://www.shggzy.com/gjzcfg/8063250","16/11/2025 12:34:07"
"db32469b-8981-9150-6051-bd64acee4aed","财政部关于印发《政府采购评审专家管理办法》的通知","2024-10-23","https://www.shggzy.com/gjzcfg/8063427","16/11/2025 12:34:07"
"db532f5b-6715-9105-58a7-0ba417fcdfb7","财政部关于印发《中央行政事业单位国有资产配置管理办法》的通知","2024-10-23","https://www.shggzy.com/gjzcfg/8063385","16/11/2025 12:34:07"
"dc67cade-2cbd-4569-6a80-6030b37c31c7","上海市土地使用权出让办法","2020-12-10","https://www.shggzy.com/zhfggz/231514","16/11/2025 12:34:06"
"dc6f5ef0-b2e7-3b9d-07a5-348a04a6af20","国土资源行政处罚办法","2024-10-23","https://www.shggzy.com/gjzcfg/8063459","16/11/2025 12:34:07"
"dd677500-4b4e-b8ba-4b43-6cb73e80f6df","财政部 工业和信息化部关于印发《政府采购促进中小企业发展管理办法》的通知","2024-10-28","https://www.shggzy.com/gjzcfg/8068407","16/11/2025 12:34:07"
"dd887109-40aa-4e28-12ed-811a129ed925","评标专家和评标专家库管理办法","2025-02-10","https://www.shggzy.com/gjzcfg/8158973","16/11/2025 12:34:07"
"de75cd61-78e6-25ca-8c3f-71379b8d8aac","中华人民共和国公司法","2024-10-23","https://www.shggzy.com/gjzcfg/8063147","16/11/2025 12:34:07"
"dea11fa8-6b4b-157b-0eeb-233d4028379d","【农村产权】上海市人民政府办公厅关于进一步促进农村集体经济高质量发展的意见","2024-12-11","https://www.shggzy.com/shzchb/8116671","16/11/2025 12:34:07"
"dfbcd0a8-e524-1505-1cc2-195a5b13111b","上海市人民政府办公厅关于印发《上海市推进公共资源配置领域政府信息公开工作实施方案》的通知","2020-12-10","https://www.shggzy.com/zhfgwj/231529","16/11/2025 12:34:06"
"e03d3bb6-8a02-c7be-1fa3-33a0b5495f35","国务院国有资产监督管理委员会关于印发《企业国有产权无偿划转管理暂行办法》的通知","2024-10-23","https://www.shggzy.com/gjzcfg/8063313","16/11/2025 12:34:07"
"e1a0a356-b2cd-3b4b-b3ad-72e6fa52da26","企业国有资产产权登记管理办法实施细则(2000修订)","2024-10-23","https://www.shggzy.com/gjzcfg/8063299","16/11/2025 12:34:07"
"e257dcd7-951a-19bb-7bd8-defd87e40639","【拍卖服务】关于印发《上海市技术交易场所管理细则》的通知","2024-12-11","https://www.shggzy.com/shzchb/8116619","16/11/2025 12:34:07"
"e38ba074-ce41-7f0f-86b9-72b73d6fe9b1","中华人民共和国招标投标法","2020-12-10","https://www.shggzy.com/zhfgfl/231489","16/11/2025 12:34:07"
"e39b34d9-f3ca-4fc5-cc74-001cd9a2f9c2","关于印发《关于规范中央企业采购管理工作的指导意见》的通知","2024-10-29","https://www.shggzy.com/gjzcfg/8070679","16/11/2025 12:34:07"
"e3ad9889-f44a-52a4-15fc-a6764be1bec9","国务院关于深化改革严格土地管理的决定","2024-10-23","https://www.shggzy.com/gjzcfg/8063219","16/11/2025 12:34:07"
"e3b8a9f2-b51f-6eaa-af50-aceb4d61354f","财政部、发展改革委、生态环境部、市场监管总局关于调整优化节能产品、环境标志产品政府采购执行机制的通知","2024-10-23","https://www.shggzy.com/gjzcfg/8063443","16/11/2025 12:34:07"
"e42616a9-dfcd-9852-b240-94fc11057d52","【政府采购】 关于进一步加强政府采购廉政风险防控的通知","2024-12-11","https://www.shggzy.com/shzchb/8116596","16/11/2025 12:34:07"
"e4c2ff38-3af8-a7b3-3781-784feab0dffa","关于推进本市轨道交通场站及周边土地综合开发利用的实施意见","2024-10-23","https://www.shggzy.com/gjzcfg/8063395","16/11/2025 12:34:07"
"e5086e9f-7c4a-6c68-83ed-0828244be074","【建设工程】电子招标投标交易平台招标人操作指南","2024-12-31","https://www.shggzy.com/shzchb/8070445","16/11/2025 12:34:07"
"e60d3872-1857-76ab-c5e7-8e5e12eb8504","【碳排交易】上海市碳排放管理试行办法","2024-12-11","https://www.shggzy.com/shzchb/8116645","16/11/2025 12:34:07"
"e64dc116-beba-5c63-2464-8e171dbcf598","财政部关于促进政府采购公平竞争优化营商环境的通知","2024-10-23","https://www.shggzy.com/gjzcfg/8063430","16/11/2025 12:34:06"
"e6e067ad-e4b5-80b4-a684-bb2b5ca8e1b6","机动车拍卖规程","2024-10-23","https://www.shggzy.com/gjzcfg/8063381","16/11/2025 12:34:07"
"e74ca9cd-f5c0-7ff7-2131-c50a54369e7c","农业部关于进一步做好稳定和完善农村土地承包关系有关工作的通知","2024-10-23","https://www.shggzy.com/gjzcfg/8063214","16/11/2025 12:34:07"
"e8fe6d62-4a2a-b4d2-6dfb-2797e972f135","【建设工程】关于修订印发《上海市建设项目工程总承包招标评标办法》的通知","2024-11-18","https://www.shggzy.com/shzchb/8092829","16/11/2025 12:34:07"
"ea222b19-4dbb-0b91-808c-52df44360137","财政部关于做好政府采购信息公开工作的通知","2024-10-23","https://www.shggzy.com/gjzcfg/8063448","16/11/2025 12:34:07"
"eb3bdfec-97d8-64dc-2007-9ae6040061c4","区域性股权市场监督管理试行办法","2024-10-23","https://www.shggzy.com/gjzcfg/8063493","16/11/2025 12:34:07"
"ebe85cd0-ca36-8107-6c56-3896a4281e1f","国务院国有资产监督管理委员会、财政部、国家发展和改革委员会、监察部、国家工商行政管理总局、中国证券监督管理委员会关于做好企业国有产权转让监督检查工作的通知","2024-10-23","https://www.shggzy.com/gjzcfg/8063350","16/11/2025 12:34:07"
"ec31bdc9-006b-516b-d281-b9ade02b9dd0","关于印发《上海市公共资源交易平台服务标准（试行）》的通知","2020-11-17","https://www.shggzy.com/zhfgwj/7788216","16/11/2025 12:34:07"
"ed8be487-1dac-95ab-b458-521d3d47ebc7","上海市公共资源交易中心交易活动实施办法（试行）","2024-10-28","https://www.shggzy.com/zxzdgz/8068756","16/11/2025 12:34:07"
"edd97a65-b39b-951f-a300-d0aad5bea0e1","工程建设项目招标投标活动投诉处理办法","2013-03-11","https://www.shggzy.com/zhfggz/231506","16/11/2025 12:34:07"
"eeac9596-2843-d0d8-60a8-e76ac0bbcbf3","艺术品经营管理办法","2024-10-23","https://www.shggzy.com/gjzcfg/8063383","16/11/2025 12:34:07"
"f01a7930-3284-d872-ef64-979df2e5dce3","国土资源部、监察部关于进一步落实工业用地出让制度的通知","2024-10-23","https://www.shggzy.com/gjzcfg/8063402","16/11/2025 12:34:07"
"f0e5f867-c52f-27d6-043f-e1277f8abeed","政府采购货物和服务招标投标管理办法","2024-10-23","https://www.shggzy.com/gjzcfg/8063455","16/11/2025 12:34:07"
"f13cf2ee-e4cb-840c-6182-44ba68cad47d","【土地交易】关于印发《上海市国有建设用地使用权招标拍卖挂牌出让业务流程及操作规范》的通知","2024-12-11","https://www.shggzy.com/shzchb/8116488","16/11/2025 12:34:07"
"f17e1377-ad0e-d12f-8104-a3b31abe6510","【建设工程】材料设备电子招标投标应用指南","2024-12-31","https://www.shggzy.com/shzchb/8070456","16/11/2025 12:34:07"
"f27c5338-e307-e0fe-7965-20aadd169515","国家重大建设项目招标投标监督暂行办法","2024-10-23","https://www.shggzy.com/gjzcfg/8063294","16/11/2025 12:34:07"
"f2e7a1f9-957a-9593-e4a0-8a10a1e7bf28","中共中央、国务院关于稳步推进农村集体产权制度改革的意见","2024-10-23","https://www.shggzy.com/gjzcfg/8063255","16/11/2025 12:34:07"
"f2f027f4-7dd4-96c4-a706-72976f9d4f6c","关于印发《上海市公共资源配置领域信息公开目录（2023年版）》的通知","2024-10-23","https://www.shggzy.com/shzchb/8063780","16/11/2025 12:34:07"
"f30bc553-88d8-dc27-e3a5-6f841b215dc6","招标拍卖挂牌出让国有土地使用权规范（试行）","2024-10-23","https://www.shggzy.com/gjzcfg/8063406","16/11/2025 12:34:07"
"f3ac092b-bfaf-9060-1c7d-29b19b8828a9","农田水利条例","2024-10-23","https://www.shggzy.com/gjzcfg/8063271","16/11/2025 12:34:07"
"f4359b26-773b-1e28-c128-1084555cc773","【政府采购】关于规范开展本市政府采购框架协议采购工作的通知","2024-12-11","https://www.shggzy.com/shzchb/8116599","16/11/2025 12:34:07"
"f49d40c0-5ff8-0a84-450c-e84679b89c4f","港口工程建设管理规定","2024-10-23","https://www.shggzy.com/gjzcfg/8063330","16/11/2025 12:34:07"
"f5412208-8d64-5752-4645-c46a45ed9ae8","电子招标投标办法","2020-12-10","https://www.shggzy.com/zhfggz/231510","16/11/2025 12:34:06"
"f5a28016-3857-41d8-60ae-b30384092bac","【技术交易】上海技术交易所技术作价投资入股细则","2024-12-31","https://www.shggzy.com/shzchb/8070490","16/11/2025 12:34:07"
"f6019ccf-4d4e-43fd-5631-af17f9febb39","【政府采购】关于印发《上海市政府采购评审专家和评审工作管理办法》的通知","2024-12-11","https://www.shggzy.com/shzchb/8116579","16/11/2025 12:34:07"
"f73fed88-3a3f-b9e6-509c-7e12bbfc6d13","上海市人民政府办公厅关于印发《整合建立本市统一公共资源交易平台实施方案》的通知","2020-12-10","https://www.shggzy.com/zhfgwj/231530","16/11/2025 12:34:06"
"f7dd6968-22c1-921c-e910-df7c9b12050a","企业国有资产产权登记管理办法","2024-10-23","https://www.shggzy.com/gjzcfg/8063264","16/11/2025 12:34:07"
"f82a463b-18af-d2ff-497f-1a14101f347e","企业国有资产评估管理暂行办法","2024-10-23","https://www.shggzy.com/gjzcfg/8063489","16/11/2025 12:34:07"
"f8668c73-7c30-c107-2f1d-d6972284f88c","国务院国有资产监督管理委员会关于企业国有资产评估报告审核工作有关事项的通知","2024-10-23","https://www.shggzy.com/gjzcfg/8063310","16/11/2025 12:34:07"
"f8794154-ad44-0ecf-1f78-2cab00172faf","【建设工程】关于印发《上海市公路养护工程招标投标管理办法》的通知","2024-11-07","https://www.shggzy.com/shzchb/8082130","16/11/2025 12:34:07"
"f959530e-6a78-a48a-93aa-78df2f95b1bc","【技术交易】上海技术交易所非公开协议交易操作细则","2024-12-31","https://www.shggzy.com/shzchb/8070476","16/11/2025 12:34:07"
"f9fd931f-bb8b-8a3e-fd82-f5d143bb3b0e","中华人民共和国资产评估法","2020-12-10","https://www.shggzy.com/zhfgfl/231491","16/11/2025 12:34:07"
"fb424977-3d06-a13d-18d6-26b29b9cfce6","公共资源交易平台管理暂行办法","2024-10-23","https://www.shggzy.com/gjzcfg/8063274","16/11/2025 12:34:07"
"fb6f346a-f915-3b5d-b65a-4a7865f16e2a","财政部关于印发《政府采购竞争性磋商采购方式管理暂行办法》的通知","2024-10-23","https://www.shggzy.com/gjzcfg/8063447","16/11/2025 12:34:07"
"fbcc39f7-e949-48b6-6a95-dd027137a589","国务院办公厅转发国资委关于进一步规范国有企业改制工作实施意见的通知","2024-10-23","https://www.shggzy.com/gjzcfg/8063368","16/11/2025 12:34:07"
"fd7215ea-4d1b-b73f-24a6-1f4c9bf04f4e","中华人民共和国资产评估法","2024-10-23","https://www.shggzy.com/gjzcfg/8063185","16/11/2025 12:34:07"
"fe1df36f-7192-7303-fa37-1bc37f4a7944","农业农村部关于印发《全国乡村产业发展规划(2020―2025年)》的通知","2024-10-23","https://www.shggzy.com/gjzcfg/8063210","16/11/2025 12:34:07"
"fe9e9ee5-26f7-6e1c-b938-fc2c6b8ff8be","铁路建设工程评标专家库及评标专家管理办法","2024-10-23","https://www.shggzy.com/gjzcfg/8063485","16/11/2025 12:34:07"
"ff8de06c-9fe9-f742-5bce-46404ec9b49a","关于印发《2023年上海市公共资源“一网交易”改革重点工作安排》的通知","2023-04-14","https://www.shggzy.com/zhfgwj/7788195","16/11/2025 12:34:06"
"ffad5710-208f-d510-cd17-6e57c5d8cfa7","中华人民共和国电子签名法","2024-10-23","https://www.shggzy.com/gjzcfg/8063130","16/11/2025 12:34:07"
"ffe740b6-03ac-3a67-6c34-a2bc54fc3984","上海市发展和改革委员会、上海市财政局、上海市住房和城乡建设管理委员会等关于印发《上海市公共资源交易平台管理暂行办法》的通知(2020修订)","2020-12-10","https://www.shggzy.com/zhfgwj/231526","16/11/2025 12:34:06"
